{"stats":{"minecraft:crafted":{"minecraft:birch_planks":7,"minecraft:crafting_table":1,"minecraft:stick":1,"minecraft:air":35,"minecraft:wooden_pickaxe":1,"minecraft:wooden_axe":1},"minecraft:killed":{"minecraft:sheep":1,"meadow:inky_sheep":2},"minecraft:picked_up":{"minecraft:birch_log":7,"minecraft:crafting_table":1,"minecraft:cobblestone":6,"minecraft:sugar_cane":3,"minecraft:mutton":1,"minecraft:white_wool":1},"minecraft:mined":{"minecraft:birch_log":7,"minecraft:stone":7,"minecraft:sugar_cane":1,"minecraft:crafting_table":1,"immersive_weathering:birch_leaf_pile":2},"minecraft:custom":{"minecraft:time_since_rest":4023,"minecraft:play_time":4023,"minecraft:sprint_one_cm":8285,"minecraft:walk_one_cm":17100,"minecraft:walk_under_water_one_cm":981,"minecraft:mob_kills":3,"minecraft:jump":38,"minecraft:damage_dealt":240,"minecraft:walk_on_water_one_cm":809,"minecraft:time_since_death":4023,"minecraft:total_world_time":4023,"minecraft:swim_one_cm":745,"minecraft:interact_with_crafting_table":1,"minecraft:fly_one_cm":2208},"minecraft:used":{"minecraft:wooden_axe":8,"minecraft:crafting_table":1,"minecraft:wooden_pickaxe":7}},"DataVersion":3120}