{"stats":{"minecraft:dropped":{"minecraft:light_gray_wool":1,"minecraft:purple_dye":1,"exoticbirds:mystery_egg":2,"aquaculture:gar":1,"byg:rocky_stone":1,"minecraft:oak_sapling":1,"byg:orange_amaranth":1,"minecraft:magenta_dye":1},"minecraft:used":{"byg:imbued_green_enchanted_log":1,"minecraft:stone_pickaxe":26,"minecraft:wooden_pickaxe":20,"byg:rocky_stone":6,"minecraft:stone_hoe":16,"minecraft:crafting_table":4,"minecraft:oak_log":10,"minecraft:wooden_axe":20,"minecraft:stone_axe":37,"exoticbirds:cooked_birdmeat":1,"minecraft:cobblestone":1,"minecraft:furnace":1,"aquaculture:smallmouth_bass":1,"byg:purple_amaranth":1,"byg:jacaranda_planks":4},"minecraft:mined":{"minecraft:jungle_leaves":1,"minecraft:crafting_table":2,"byg:blue_enchanted_leaves":4,"immersive_weathering:birch_leaf_pile":2,"minecraft:grass_block":1,"byg:jacaranda_log":1,"minecraft:jungle_log":9,"minecraft:copper_ore":12,"minecraft:sugar_cane":1,"byg:green_enchanted_leaves":14,"byg:imbued_green_enchanted_log":1,"byg:brown_mushroom_stem":2,"minecraft:birch_log":7,"minecraft:iron_ore":2,"projectvibrantjourneys:bark_mushroom":1,"byg:purple_amaranth":2,"minecraft:oak_log":15,"projectvibrantjourneys:short_grass":2,"byg:orange_amaranth":1,"byg:rocky_stone":7,"immersive_weathering:ivy":1,"minecraft:stone":23,"minecraft:oak_leaves":3,"byg:fairy_slipper":1,"immersive_weathering:oak_leaf_pile":2},"minecraft:custom":{"minecraft:interact_with_furnace":3,"minecraft:mob_kills":12,"minecraft:interact_with_crafting_table":4,"minecraft:leave_game":2,"minecraft:time_since_death":1519,"minecraft:climb_one_cm":1063,"minecraft:time_since_rest":1554,"minecraft:sprint_one_cm":37743,"minecraft:damage_taken":270,"minecraft:walk_one_cm":83496,"minecraft:drop":9,"minecraft:damage_dealt":1068,"minecraft:swim_one_cm":16332,"minecraft:fly_one_cm":31573,"minecraft:crouch_one_cm":2349,"minecraft:play_time":35044,"minecraft:deaths":1,"minecraft:sneak_time":1594,"minecraft:walk_under_water_one_cm":9340,"minecraft:jump":311,"minecraft:walk_on_water_one_cm":5543,"minecraft:total_world_time":35044,"minecraft:fall_one_cm":6985},"minecraft:killed_by":{"minecraft:skeleton":1},"minecraft:crafted":{"byg:jacaranda_planks":1,"minecraft:oak_planks":1,"minecraft:crafting_table":2,"minecraft:wooden_pickaxe":1,"minecraft:furnace":1,"minecraft:birch_planks":7,"minecraft:stone_axe":1,"minecraft:air":54,"minecraft:purple_dye":1,"minecraft:stick":2,"minecraft:stone_pickaxe":1,"minecraft:wooden_axe":1,"exoticbirds:cooked_birdmeat":1,"minecraft:stone_hoe":1,"minecraft:magenta_dye":1},"minecraft:killed":{"meadow:inky_sheep":3,"aquaculture:gar":1,"aquaculture:smallmouth_bass":1,"minecraft:sheep":4,"minecraft:zombie":2,"exoticbirds:pigeon":1},"minecraft:picked_up":{"minecraft:birch_log":7,"minecraft:crafting_table":2,"minecraft:jungle_log":9,"byg:purple_amaranth":2,"minecraft:oak_log":15,"minecraft:raw_copper":40,"minecraft:light_gray_wool":1,"byg:jacaranda_log":1,"minecraft:sugar_cane":3,"minecraft:stick":5,"aquaculture:smallmouth_bass":1,"minecraft:raw_iron":2,"aquaculture:gar":1,"byg:fairy_slipper":1,"exoticbirds:mystery_egg":2,"minecraft:rotten_flesh":4,"byg:orange_amaranth":1,"byg:imbued_green_enchanted_log":1,"minecraft:oak_sapling":1,"minecraft:mutton":5,"minecraft:white_wool":3,"exoticbirds:raw_birdmeat":1,"byg:rocky_stone":7,"minecraft:cobblestone":23}},"DataVersion":3120}