{"stats":{"minecraft:crafted":{"minecraft:crafting_table":1,"minecraft:stick":2,"minecraft:wooden_pickaxe":1,"minecraft:wooden_axe":1,"minecraft:stone_pickaxe":1,"minecraft:furnace":1,"minecraft:birch_planks":7,"minecraft:stone_axe":1,"minecraft:air":42},"minecraft:killed":{"minecraft:sheep":1,"meadow:inky_sheep":3,"exoticbirds:pigeon":1,"aquaculture:gar":1,"aquaculture:smallmouth_bass":1},"minecraft:picked_up":{"minecraft:birch_log":7,"aquaculture:smallmouth_bass":1,"minecraft:crafting_table":2,"aquaculture:gar":1,"minecraft:oak_log":9,"minecraft:raw_copper":40,"byg:orange_amaranth":1,"minecraft:sugar_cane":3,"minecraft:mutton":1,"exoticbirds:raw_birdmeat":1,"minecraft:white_wool":1,"minecraft:cobblestone":20},"minecraft:mined":{"minecraft:birch_log":7,"minecraft:crafting_table":2,"immersive_weathering:birch_leaf_pile":2,"minecraft:grass_block":1,"minecraft:oak_log":10,"projectvibrantjourneys:short_grass":1,"byg:orange_amaranth":1,"minecraft:copper_ore":12,"immersive_weathering:ivy":1,"minecraft:stone":20,"minecraft:sugar_cane":1,"minecraft:oak_leaves":1,"immersive_weathering:oak_leaf_pile":2},"minecraft:dropped":{"byg:orange_amaranth":1},"minecraft:custom":{"minecraft:time_since_rest":16023,"minecraft:interact_with_furnace":1,"minecraft:sprint_one_cm":11403,"minecraft:walk_one_cm":30987,"minecraft:mob_kills":7,"minecraft:drop":1,"minecraft:damage_dealt":430,"minecraft:swim_one_cm":3939,"minecraft:interact_with_crafting_table":3,"minecraft:fly_one_cm":4351,"minecraft:crouch_one_cm":637,"minecraft:play_time":16023,"minecraft:sneak_time":628,"minecraft:walk_under_water_one_cm":3881,"minecraft:jump":77,"minecraft:time_since_death":16023,"minecraft:walk_on_water_one_cm":2458,"minecraft:total_world_time":16023,"minecraft:fall_one_cm":478},"minecraft:used":{"minecraft:wooden_axe":20,"minecraft:stone_pickaxe":14,"minecraft:wooden_pickaxe":20,"minecraft:stone_axe":5,"minecraft:cobblestone":1,"minecraft:crafting_table":3,"minecraft:furnace":1}},"DataVersion":3120}